{"stats":{"minecraft:used":{"minecraft:oak_fence":236,"tacz:gun_smith_table":17,"minecraft:chest":11,"minecraft:purple_shulker_box":2,"minecraft:player_head":3,"minecraft:torch":49,"minecraft:dirt":10,"minecraft:anvil":2,"minecraft:diamond_helmet":1,"artifacts:onion_ring":2,"minecraft:iron_axe":8,"minecraft:grass_block":3,"siren_head:siren_head_spawn_egg":2,"minecraft:reinforced_deepslate":1,"minecraft:golden_carrot":1,"minecraft:bow":1,"minecraft:furnace":5,"minecraft:potato":1,"minecraft:cobbled_deepslate":10,"minecraft:spruce_door":6,"minecraft:stone_pickaxe":50,"minecraft:oak_planks":1001,"minecraft:ender_pearl":2,"minecraft:wooden_pickaxe":11,"artifacts:eternal_steak":58,"minecraft:dark_oak_trapdoor":2,"minecraft:lime_bed":1,"minecraft:oak_slab":121,"minecraft:crafting_table":2,"minecraft:diamond_pickaxe":84,"minecraft:dark_oak_log":1,"minecraft:iron_pickaxe":241,"minecraft:spruce_sapling":1,"minecraft:golden_leggings":1,"minecraft:fire_charge":1,"minecraft:purple_bed":1,"minecraft:smithing_table":2,"minecraft:glass_pane":85},"minecraft:custom":{"minecraft:interact_with_smithing_table":11,"minecraft:interact_with_anvil":2,"minecraft:mob_kills":192,"minecraft:interact_with_crafting_table":14,"minecraft:open_barrel":41,"minecraft:open_shulker_box":4,"minecraft:leave_game":2,"minecraft:time_since_death":28267,"minecraft:climb_one_cm":16,"minecraft:sprint_one_cm":976070,"minecraft:walk_one_cm":509548,"minecraft:drop":129,"minecraft:talked_to_villager":3,"minecraft:play_time":412499,"minecraft:deaths":20,"minecraft:sneak_time":14705,"minecraft:walk_under_water_one_cm":35401,"minecraft:jump":4400,"minecraft:walk_on_water_one_cm":33298,"minecraft:total_world_time":413680,"minecraft:interact_with_furnace":55,"minecraft:interact_with_cartography_table":1,"minecraft:sleep_in_bed":1,"minecraft:time_since_rest":28292,"minecraft:damage_taken":14401,"minecraft:trigger_trapped_chest":5,"minecraft:damage_dealt":705,"minecraft:fly_one_cm":5575315,"minecraft:swim_one_cm":11051,"minecraft:player_kills":3,"minecraft:open_chest":179,"minecraft:crouch_one_cm":2357,"minecraft:fall_one_cm":334987},"minecraft:mined":{"minecraft:large_amethyst_bud":2,"minecraft:deepslate_diamond_ore":28,"minecraft:dark_oak_log":1,"minecraft:granite":3,"minecraft:grass_block":4,"minecraft:spruce_leaves":7,"minecraft:dark_oak_trapdoor":2,"minecraft:iron_ore":122,"minecraft:fire":12,"minecraft:deepslate_lapis_ore":3,"minecraft:sculk_shrieker":1,"minecraft:deepslate_iron_ore":69,"minecraft:packed_ice":35,"minecraft:stone":17,"minecraft:smithing_table":1,"minecraft:deepslate_redstone_ore":13,"minecraft:oak_slab":1,"minecraft:medium_amethyst_bud":1,"minecraft:amethyst_cluster":23,"minecraft:copper_ore":23,"minecraft:lapis_ore":2,"minecraft:amethyst_block":5,"minecraft:ice":2,"minecraft:spruce_log":25,"minecraft:tnt":3,"minecraft:grass":4,"minecraft:dirt":12,"minecraft:gravel":11,"minecraft:purple_shulker_box":1,"minecraft:deepslate":49},"minecraft:picked_up":{"artifacts:night_vision_goggles":1,"minecraft:smithing_table":1,"artifacts:umbrella":1,"minecraft:wooden_pickaxe":1,"minecraft:purple_shulker_box":1,"minecraft:amethyst_block":4,"minecraft:string":24,"minecraft:dark_oak_trapdoor":2,"minecraft:raw_copper":81,"tacz:ammo":585,"minecraft:iron_shovel":1,"minecraft:blackstone":13,"minecraft:glass_pane":1,"minecraft:cobbled_deepslate":43,"minecraft:beef":9,"minecraft:player_head":6,"minecraft:iron_pickaxe":5,"minecraft:furnace":1,"minecraft:tipped_arrow":4,"minecraft:raw_iron":193,"siren_head:siren_head_spawn_egg":1,"tacz:attachment":6,"minecraft:redstone":56,"minecraft:arrow":8,"minecraft:rotten_flesh":10,"artifacts:running_shoes":1,"artifacts:panic_necklace":1,"minecraft:blaze_rod":7,"minecraft:cobblestone":15,"artifacts:eternal_steak":2,"minecraft:glow_ink_sac":1,"minecraft:leather":8,"minecraft:potato":1,"artifacts:anglers_hat":2,"artifacts:onion_ring":1,"minecraft:flint":17,"artifacts:superstitious_hat":1,"artifacts:cloud_in_a_bottle":1,"minecraft:gunpowder":44,"minecraft:lapis_lazuli":33,"minecraft:dirt":18,"minecraft:bone":13,"minecraft:bow":1,"minecraft:stone_pickaxe":4,"artifacts:antidote_vessel":1,"minecraft:bamboo":1,"minecraft:sculk_catalyst":5,"minecraft:oak_slab":2,"minecraft:gravel":7,"minecraft:amethyst_shard":92,"minecraft:spruce_sapling":1,"minecraft:spruce_log":24,"minecraft:grass_block":3,"artifacts:scarf_of_invisibility":1,"minecraft:dark_oak_log":1,"minecraft:spruce_door":2,"minecraft:spider_eye":2,"minecraft:diamond":29,"tacz:modern_kinetic_gun":11,"minecraft:granite":3,"minecraft:coal":1,"minecraft:ender_pearl":4,"minecraft:diamond_pickaxe":3},"minecraft:killed":{"minecraft:witch":2,"minecraft:spider":15,"minecraft:skeleton":7,"isolated:player":1,"minecraft:warden":6,"artifacts:mimic":10,"siren_head:siren_head":3,"minecraft:magma_cube":4,"isolated:standing_still":3,"minecraft:zombie_villager":1,"minecraft:strider":3,"minecraft:creeper":56,"minecraft:zombie":25,"minecraft:stray":18,"minecraft:ghast":2,"minecraft:wither_skeleton":2,"minecraft:cow":4,"minecraft:enderman":13,"minecraft:blaze":16},"minecraft:dropped":{"minecraft:oak_slab":1,"minecraft:diamond":5,"minecraft:cobblestone":1,"minecraft:amethyst_block":1,"minecraft:granite":3,"minecraft:spruce_door":1,"artifacts:anglers_hat":1,"minecraft:coal":1,"minecraft:stick":2,"artifacts:night_vision_goggles":1,"siren_head:siren_head_spawn_egg":1,"minecraft:dirt":8,"minecraft:torch":1,"tacz:modern_kinetic_gun":10,"minecraft:iron_pickaxe":7,"minecraft:iron_shovel":1,"minecraft:string":12,"minecraft:bucket":1,"minecraft:gold_ingot":3,"minecraft:bone":6,"minecraft:player_head":3,"minecraft:cobbled_deepslate":6,"minecraft:rotten_flesh":7,"minecraft:oak_planks":4,"minecraft:glass_pane":2,"minecraft:flint_and_steel":1,"minecraft:tipped_arrow":4,"minecraft:gunpowder":4,"artifacts:umbrella":1,"minecraft:reinforced_deepslate":1,"minecraft:diamond_pickaxe":4,"artifacts:panic_necklace":1,"artifacts:eternal_steak":2,"minecraft:spider_eye":1,"minecraft:bamboo":1,"tacz:ammo":135,"minecraft:wooden_pickaxe":2,"minecraft:bow":1,"minecraft:arrow":6,"minecraft:stone_pickaxe":4,"tacz:attachment":4},"minecraft:killed_by":{"minecraft:player":2,"minecraft:piglin_brute":1,"minecraft:creeper":1,"siren_head:siren_head":1,"minecraft:warden":1,"siren_head:siren_head_crawl_had_to_make_seprate_entity_for_this_ver":2},"minecraft:crafted":{"minecraft:raw_iron":63,"minecraft:flint_and_steel":1,"minecraft:iron_boots":2,"minecraft:diamond_helmet":2,"minecraft:diamond_leggings":2,"minecraft:raw_copper":54,"minecraft:stone_pickaxe":1,"minecraft:diamond_boots":2,"minecraft:spruce_planks":32,"minecraft:wooden_pickaxe":1,"minecraft:iron_helmet":2,"minecraft:copper_ingot":225,"minecraft:air":0,"minecraft:iron_chestplate":2,"minecraft:diamond_pickaxe":1,"minecraft:iron_pickaxe":1,"minecraft:stick":12,"minecraft:iron_ingot":335,"minecraft:gold_ingot":45,"minecraft:iron_leggings":1,"minecraft:netherite_ingot":11,"minecraft:diamond_chestplate":1},"minecraft:broken":{"minecraft:golden_leggings":1}},"DataVersion":3465}