{"stats":{"minecraft:killed_by":{"minecraft:player":6},"minecraft:mined":{"minecraft:player_wall_head":2,"minecraft:basalt":8,"minecraft:warped_fence":1,"minecraft:crafting_table":4,"minecraft:torch":4,"minecraft:nether_bricks":7,"minecraft:cobblestone":1,"minecraft:red_mushroom":2,"minecraft:oak_planks":1,"minecraft:wall_torch":1,"minecraft:warped_wart_block":2,"minecraft:warped_nylium":25,"minecraft:furnace":1,"minecraft:warped_planks":5,"minecraft:nether_brick_fence":2,"minecraft:warped_stem":40,"minecraft:stone":16,"minecraft:netherrack":113,"minecraft:player_head":9},"minecraft:crafted":{"minecraft:crafting_table":2,"minecraft:wooden_pickaxe":3,"minecraft:warped_door":3,"minecraft:warped_planks":148,"minecraft:warped_fence":12,"minecraft:stick":16,"minecraft:wooden_axe":1},"minecraft:used":{"minecraft:oak_planks":1,"minecraft:ender_pearl":1,"minecraft:wooden_pickaxe":147,"artifacts:eternal_steak":7,"minecraft:player_head":16,"minecraft:netherrack":120,"minecraft:torch":4,"minecraft:warped_wart_block":5,"minecraft:crafting_table":5,"minecraft:warped_door":2,"minecraft:snowball":16,"minecraft:warped_planks":89,"minecraft:wooden_axe":2,"minecraft:iron_axe":78,"minecraft:warped_fence":12,"minecraft:basalt":6,"minecraft:cobblestone":17,"minecraft:furnace":1,"minecraft:golden_pickaxe":32},"minecraft:picked_up":{"minecraft:crafting_table":4,"minecraft:iron_chestplate":1,"minecraft:basalt":6,"minecraft:nether_brick_fence":2,"minecraft:golden_pickaxe":1,"minecraft:red_mushroom":2,"minecraft:iron_axe":1,"tacz:ammo":120,"minecraft:bone":7,"minecraft:warped_fence":2,"minecraft:diamond_leggings":1,"minecraft:wheat_seeds":1,"minecraft:warped_stem":37,"minecraft:player_head":20,"minecraft:oak_planks":1,"minecraft:furnace":1,"minecraft:warped_fungus":1,"minecraft:warped_wart_block":5,"minecraft:torch":5,"minecraft:grass_block":1,"minecraft:warped_planks":5,"minecraft:arrow":2,"minecraft:rotten_flesh":2,"minecraft:nether_bricks":6,"tacz:modern_kinetic_gun":4,"minecraft:iron_helmet":1,"minecraft:warped_roots":7,"minecraft:blaze_rod":1,"minecraft:netherrack":126,"minecraft:coal":1,"minecraft:snowball":16,"minecraft:cobblestone":17,"minecraft:ender_pearl":1},"minecraft:broken":{"minecraft:iron_helmet":1,"minecraft:golden_pickaxe":1,"minecraft:wooden_pickaxe":2},"minecraft:dropped":{"minecraft:player_head":3,"artifacts:helium_flamingo":1,"minecraft:warped_fence":2,"tacz:modern_kinetic_gun":4,"tacz:ammo":67,"minecraft:iron_axe":1},"minecraft:killed":{"minecraft:spider":1,"minecraft:skeleton":1,"minecraft:wither_skeleton":6,"minecraft:blaze":2},"minecraft:custom":{"minecraft:interact_with_smithing_table":1,"lootr:looted_stat":6,"minecraft:mob_kills":11,"minecraft:interact_with_crafting_table":8,"minecraft:open_shulker_box":2,"minecraft:leave_game":1,"minecraft:time_since_death":1579,"minecraft:sleep_in_bed":5,"minecraft:climb_one_cm":980,"minecraft:time_since_rest":1604,"minecraft:sprint_one_cm":156950,"minecraft:damage_taken":6737,"minecraft:walk_one_cm":131410,"minecraft:drop":12,"minecraft:damage_dealt":2129,"minecraft:fly_one_cm":440974,"minecraft:player_kills":3,"minecraft:open_chest":17,"minecraft:crouch_one_cm":26039,"minecraft:play_time":77827,"minecraft:deaths":22,"minecraft:sneak_time":7027,"minecraft:jump":1579,"minecraft:walk_on_water_one_cm":843,"minecraft:total_world_time":77827,"minecraft:fall_one_cm":101839}},"DataVersion":3465}