{"stats":{"minecraft:dropped":{"minecraft:iron_ingot":65,"minecraft:ender_pearl":2,"minecraft:smithing_table":1,"minecraft:diamond_leggings":2,"minecraft:oak_hanging_sign":1,"minecraft:cobblestone":24,"minecraft:oak_fence":1,"minecraft:iron_helmet":1,"artifacts:cloud_in_a_bottle":1,"minecraft:copper_ingot":18,"minecraft:disc_fragment_5":17,"minecraft:grass_block":2,"minecraft:stick":22,"minecraft:emerald":1,"minecraft:diamond_horse_armor":1,"minecraft:dirt":17,"refurbished_furniture:wrench":1,"minecraft:golden_carrot":4,"minecraft:potion":1,"minecraft:amethyst_shard":64,"tacz:modern_kinetic_gun":3,"minecraft:iron_axe":1,"minecraft:iron_pickaxe":1,"minecraft:music_disc_cat":1,"artifacts:bunny_hoppers":1,"minecraft:spruce_sapling":27,"minecraft:bone":1,"minecraft:redstone":13,"minecraft:gravel":7,"minecraft:kelp":1,"minecraft:ancient_debris":5,"artifacts:power_glove":1,"minecraft:player_head":5,"minecraft:bowl":1,"minecraft:wayfinder_armor_trim_smithing_template":1,"minecraft:white_carpet":7,"minecraft:rotten_flesh":3,"refurbished_furniture:white_grill":2,"minecraft:oak_planks":1,"minecraft:light_gray_carpet":3,"minecraft:glass_pane":7,"minecraft:filled_map":1,"minecraft:tipped_arrow":1,"artifacts:umbrella":1,"minecraft:iron_chestplate":1,"minecraft:diamond_pickaxe":8,"minecraft:charcoal":2,"minecraft:golden_leggings":1,"minecraft:oak_boat":1,"tacz:ammo":255,"minecraft:arrow":2,"minecraft:glass":2,"minecraft:raw_gold":20,"artifacts:snowshoes":1,"minecraft:netherrack":15},"minecraft:crafted":{"minecraft:oak_planks":20,"minecraft:netherite_chestplate":1,"minecraft:netherite_leggings":1,"minecraft:netherite_boots":1,"minecraft:chest":1,"minecraft:netherite_helmet":1,"minecraft:crafting_table":1,"minecraft:copper_ingot":146,"minecraft:air":0,"minecraft:oak_boat":1,"minecraft:iron_ingot":111,"minecraft:gold_ingot":13},"minecraft:custom":{"minecraft:interact_with_smithing_table":3,"lootr:looted_stat":21,"minecraft:mob_kills":69,"minecraft:interact_with_crafting_table":6,"minecraft:open_shulker_box":6,"minecraft:interact_with_campfire":4,"minecraft:time_since_death":5003,"minecraft:leave_game":6,"minecraft:climb_one_cm":1518,"minecraft:sprint_one_cm":476053,"minecraft:walk_one_cm":385576,"minecraft:drop":114,"minecraft:play_time":306532,"minecraft:deaths":19,"minecraft:sneak_time":6941,"minecraft:walk_under_water_one_cm":22434,"minecraft:boat_one_cm":125085,"minecraft:jump":4169,"minecraft:interact_with_blast_furnace":1,"minecraft:walk_on_water_one_cm":18360,"minecraft:total_world_time":306532,"minecraft:interact_with_furnace":61,"minecraft:sleep_in_bed":4,"minecraft:time_since_rest":5053,"minecraft:damage_taken":5416,"minecraft:damage_dealt":240,"minecraft:swim_one_cm":32731,"minecraft:fly_one_cm":3231995,"minecraft:player_kills":9,"minecraft:open_chest":138,"minecraft:crouch_one_cm":4595,"minecraft:interact_with_smoker":4,"minecraft:fall_one_cm":801455},"minecraft:killed_by":{"minecraft:player":4,"minecraft:stray":1,"siren_head:siren_head_crawl_had_to_make_seprate_entity_for_this_ver":1},"minecraft:picked_up":{"minecraft:charcoal":2,"refurbished_furniture:wrench":1,"minecraft:brown_mushroom":1,"artifacts:bunny_hoppers":2,"artifacts:umbrella":1,"artifacts:power_glove":1,"minecraft:raw_copper":84,"minecraft:oak_hanging_sign":1,"tacz:ammo":891,"minecraft:white_carpet":7,"minecraft:warped_fence":1,"minecraft:glass_pane":3,"minecraft:beef":4,"minecraft:player_head":24,"refurbished_furniture:spruce_toilet":2,"refurbished_furniture:white_grill":4,"sophisticatedbackpacks:netherite_backpack":3,"minecraft:chest":1,"minecraft:tipped_arrow":1,"minecraft:stick":22,"minecraft:raw_iron":48,"minecraft:copper_ingot":10,"tacz:attachment":1,"minecraft:warped_planks":19,"minecraft:redstone":39,"refurbished_furniture:doorbell":1,"minecraft:arrow":2,"minecraft:rotten_flesh":2,"artifacts:snowshoes":1,"minecraft:snowball":4,"minecraft:cobblestone":4,"minecraft:lime_bed":1,"minecraft:cooked_beef":4,"artifacts:digging_claws":1,"minecraft:oak_log":5,"artifacts:cloud_in_a_bottle":1,"minecraft:gunpowder":10,"minecraft:lapis_lazuli":41,"minecraft:dirt":16,"minecraft:lantern":1,"artifacts:flippers":1,"minecraft:bone":1,"minecraft:kelp":1,"minecraft:raw_gold":10,"artifacts:kitty_slippers":1,"minecraft:sand":15,"minecraft:spruce_sapling":28,"artifacts:scarf_of_invisibility":2,"minecraft:diamond":4,"tacz:modern_kinetic_gun":5,"minecraft:light_gray_carpet":3,"minecraft:netherrack":28,"minecraft:coal":1,"minecraft:diamond_pickaxe":6},"minecraft:used":{"minecraft:oak_fence":73,"minecraft:redstone":2,"tacz:gun_smith_table":5,"minecraft:chest":10,"minecraft:player_head":17,"minecraft:netherrack":13,"minecraft:torch":8,"refurbished_furniture:doorbell":1,"minecraft:dirt":2,"minecraft:anvil":1,"sophisticatedbackpacks:netherite_backpack":15,"minecraft:snowball":4,"minecraft:glass":16,"minecraft:lantern":4,"minecraft:grass_block":216,"minecraft:oak_stairs":67,"minecraft:warped_fence":1,"minecraft:item_frame":1,"minecraft:furnace":4,"minecraft:cooked_beef":4,"minecraft:spruce_door":12,"minecraft:oak_planks":639,"minecraft:ender_pearl":1,"minecraft:brown_mushroom":1,"artifacts:eternal_steak":30,"refurbished_furniture:white_grill":2,"minecraft:sand":15,"minecraft:netherite_leggings":2,"minecraft:oak_slab":5,"minecraft:lime_bed":2,"minecraft:crafting_table":3,"minecraft:diamond_pickaxe":134,"minecraft:suspicious_stew":1,"minecraft:spruce_sapling":1,"minecraft:purple_bed":2,"minecraft:smithing_table":2,"minecraft:glass_pane":69,"refurbished_furniture:spruce_toilet":4,"minecraft:oak_boat":3,"minecraft:oak_hanging_sign":1},"minecraft:mined":{"refurbished_furniture:spruce_toilet":2,"minecraft:deepslate_diamond_ore":4,"minecraft:grass_block":1,"minecraft:redstone_wire":2,"minecraft:spruce_leaves":4,"minecraft:redstone_ore":8,"minecraft:iron_ore":42,"refurbished_furniture:white_grill":3,"minecraft:oak_wall_hanging_sign":1,"minecraft:deepslate_iron_ore":6,"minecraft:packed_ice":9,"minecraft:stone":7,"minecraft:light_gray_carpet":3,"minecraft:player_wall_head":2,"minecraft:chest":1,"minecraft:campfire":1,"minecraft:copper_ore":13,"minecraft:lapis_ore":6,"minecraft:deepslate_copper_ore":1,"minecraft:lime_bed":1,"minecraft:warped_planks":23,"minecraft:ice":4,"minecraft:white_carpet":7,"sophisticatedbackpacks:netherite_backpack":3,"minecraft:grass":9,"minecraft:oak_log":5,"minecraft:coal_ore":1,"minecraft:netherrack":28,"minecraft:gold_ore":10,"minecraft:oak_leaves":1},"minecraft:killed":{"minecraft:witch":1,"minecraft:spider":4,"minecraft:skeleton":4,"isolated:player":1,"artifacts:mimic":10,"siren_head:siren_head":3,"minecraft:rabbit":1,"minecraft:creeper":17,"minecraft:pillager":2,"minecraft:zombie":19,"minecraft:stray":2,"minecraft:enderman":5}},"DataVersion":3465}