{"stats":{"minecraft:dropped":{"minecraft:kelp":1,"minecraft:player_head":4,"minecraft:bowl":1,"minecraft:white_carpet":7,"refurbished_furniture:white_grill":2,"minecraft:diamond_leggings":1,"minecraft:oak_hanging_sign":1,"minecraft:iron_helmet":1,"minecraft:rotten_flesh":2,"minecraft:light_gray_carpet":3,"minecraft:glass_pane":6,"minecraft:stick":1,"refurbished_furniture:wrench":1,"minecraft:tipped_arrow":1,"minecraft:dirt":16,"artifacts:umbrella":1,"minecraft:diamond_pickaxe":7,"minecraft:iron_chestplate":1,"minecraft:charcoal":2,"tacz:modern_kinetic_gun":3,"tacz:ammo":255,"minecraft:arrow":2,"minecraft:glass":2,"artifacts:bunny_hoppers":1,"minecraft:bone":1},"minecraft:crafted":{"minecraft:oak_planks":20,"minecraft:crafting_table":1,"minecraft:copper_ingot":131,"minecraft:air":0,"minecraft:netherite_chestplate":1,"minecraft:oak_boat":1,"minecraft:netherite_leggings":1,"minecraft:netherite_boots":1,"minecraft:iron_ingot":65,"minecraft:chest":1,"minecraft:netherite_helmet":1,"minecraft:gold_ingot":13},"minecraft:custom":{"minecraft:interact_with_smithing_table":3,"minecraft:interact_with_furnace":55,"lootr:looted_stat":21,"minecraft:mob_kills":59,"minecraft:interact_with_crafting_table":6,"minecraft:open_shulker_box":5,"minecraft:interact_with_campfire":4,"minecraft:leave_game":6,"minecraft:time_since_death":30613,"minecraft:sleep_in_bed":3,"minecraft:climb_one_cm":1518,"minecraft:time_since_rest":30772,"minecraft:damage_taken":5416,"minecraft:sprint_one_cm":446134,"minecraft:walk_one_cm":242885,"minecraft:drop":52,"minecraft:damage_dealt":223,"minecraft:swim_one_cm":32731,"minecraft:fly_one_cm":2564596,"minecraft:player_kills":8,"minecraft:open_chest":105,"minecraft:crouch_one_cm":1586,"minecraft:play_time":216532,"minecraft:deaths":18,"minecraft:sneak_time":3106,"minecraft:walk_under_water_one_cm":22434,"minecraft:boat_one_cm":106934,"minecraft:jump":3782,"minecraft:interact_with_blast_furnace":1,"minecraft:walk_on_water_one_cm":18360,"minecraft:total_world_time":216532,"minecraft:interact_with_smoker":4,"minecraft:fall_one_cm":714046},"minecraft:killed_by":{"minecraft:player":4,"siren_head:siren_head_crawl_had_to_make_seprate_entity_for_this_ver":1,"minecraft:stray":1},"minecraft:used":{"minecraft:redstone":2,"minecraft:oak_planks":1,"minecraft:ender_pearl":1,"minecraft:chest":2,"artifacts:eternal_steak":29,"minecraft:player_head":17,"minecraft:netherrack":13,"refurbished_furniture:white_grill":2,"refurbished_furniture:doorbell":1,"minecraft:sand":15,"minecraft:netherite_leggings":2,"minecraft:crafting_table":1,"minecraft:lime_bed":1,"minecraft:snowball":4,"minecraft:glass":16,"minecraft:diamond_pickaxe":134,"minecraft:grass_block":1,"minecraft:suspicious_stew":1,"minecraft:warped_fence":1,"minecraft:item_frame":1,"minecraft:glass_pane":7,"minecraft:oak_boat":1,"refurbished_furniture:spruce_toilet":4,"minecraft:cooked_beef":4,"minecraft:oak_hanging_sign":1},"minecraft:picked_up":{"minecraft:charcoal":2,"minecraft:lime_bed":1,"minecraft:cooked_beef":4,"artifacts:digging_claws":1,"refurbished_furniture:wrench":1,"artifacts:bunny_hoppers":2,"artifacts:umbrella":1,"minecraft:oak_log":5,"minecraft:gunpowder":10,"artifacts:cloud_in_a_bottle":1,"minecraft:lapis_lazuli":41,"minecraft:dirt":16,"artifacts:flippers":1,"minecraft:lantern":1,"minecraft:raw_copper":84,"minecraft:oak_hanging_sign":1,"artifacts:power_glove":1,"tacz:ammo":891,"minecraft:white_carpet":7,"minecraft:bone":1,"minecraft:warped_fence":1,"minecraft:glass_pane":3,"minecraft:kelp":1,"minecraft:raw_gold":10,"minecraft:beef":4,"minecraft:player_head":23,"artifacts:kitty_slippers":1,"refurbished_furniture:white_grill":4,"refurbished_furniture:spruce_toilet":2,"minecraft:chest":1,"minecraft:stick":4,"minecraft:tipped_arrow":1,"minecraft:raw_iron":48,"minecraft:copper_ingot":10,"minecraft:sand":15,"tacz:attachment":1,"minecraft:spruce_sapling":2,"minecraft:warped_planks":19,"minecraft:redstone":39,"artifacts:scarf_of_invisibility":2,"refurbished_furniture:doorbell":1,"minecraft:arrow":2,"minecraft:rotten_flesh":2,"minecraft:diamond":4,"tacz:modern_kinetic_gun":5,"artifacts:snowshoes":1,"minecraft:light_gray_carpet":3,"minecraft:netherrack":28,"minecraft:coal":1,"minecraft:snowball":4,"minecraft:cobblestone":4,"minecraft:diamond_pickaxe":6},"minecraft:mined":{"minecraft:light_gray_carpet":3,"refurbished_furniture:spruce_toilet":2,"minecraft:deepslate_diamond_ore":4,"minecraft:player_wall_head":2,"minecraft:grass_block":1,"minecraft:chest":1,"minecraft:campfire":1,"minecraft:redstone_wire":2,"minecraft:copper_ore":13,"minecraft:spruce_leaves":3,"minecraft:lapis_ore":6,"minecraft:deepslate_copper_ore":1,"minecraft:lime_bed":1,"minecraft:redstone_ore":8,"minecraft:warped_planks":23,"minecraft:iron_ore":42,"minecraft:ice":4,"refurbished_furniture:white_grill":3,"minecraft:white_carpet":7,"minecraft:grass":9,"minecraft:coal_ore":1,"minecraft:oak_log":5,"minecraft:deepslate_iron_ore":6,"minecraft:oak_wall_hanging_sign":1,"minecraft:packed_ice":9,"minecraft:stone":7,"minecraft:netherrack":28,"minecraft:gold_ore":10,"minecraft:oak_leaves":1},"minecraft:killed":{"siren_head:siren_head":1,"minecraft:witch":1,"minecraft:rabbit":1,"minecraft:spider":3,"minecraft:creeper":12,"minecraft:skeleton":2,"minecraft:pillager":2,"minecraft:zombie":19,"minecraft:stray":2,"isolated:player":1,"minecraft:enderman":5,"artifacts:mimic":10}},"DataVersion":3465}