{"stats":{"minecraft:dropped":{"minecraft:wheat_seeds":1,"minecraft:diamond_axe":2,"minecraft:golden_pickaxe":1,"minecraft:ender_pearl":1,"minecraft:minecart":1,"minecraft:cobblestone":2,"minecraft:hopper_minecart":1,"minecraft:copper_ingot":10,"artifacts:anglers_hat":2,"minecraft:grass_block":4,"minecraft:flint":16,"refurbished_furniture:wrench":2,"minecraft:iron_leggings":1,"minecraft:oak_stairs":1,"tacz:modern_kinetic_gun":11,"minecraft:iron_pickaxe":1,"minecraft:paper":1,"minecraft:bone":1,"minecraft:redstone":1,"minecraft:player_head":2,"minecraft:blaze_rod":3,"minecraft:cobbled_deepslate":3,"minecraft:raw_copper":36,"minecraft:oak_planks":2,"refurbished_furniture:doorbell":2,"minecraft:carrot":1,"minecraft:glass_pane":1,"minecraft:tipped_arrow":1,"artifacts:umbrella":7,"minecraft:diamond_pickaxe":13,"artifacts:antidote_vessel":1,"artifacts:eternal_steak":3,"minecraft:spider_eye":10,"minecraft:bamboo":1,"minecraft:arrow":6,"minecraft:stone_pickaxe":1,"tacz:attachment":1},"minecraft:crafted":{"minecraft:diamond_helmet":1,"minecraft:stone_pickaxe":2,"minecraft:diamond_boots":1,"minecraft:coal_block":22,"minecraft:spruce_planks":8,"minecraft:copper_ingot":20,"minecraft:air":0,"minecraft:stick":52,"minecraft:iron_ingot":9,"minecraft:diamond_chestplate":1},"minecraft:custom":{"lootr:looted_stat":2,"minecraft:interact_with_anvil":1,"minecraft:mob_kills":118,"minecraft:interact_with_crafting_table":7,"minecraft:open_barrel":26,"minecraft:open_shulker_box":1,"minecraft:interact_with_campfire":4,"minecraft:damage_dealt_resisted":295,"minecraft:eat_cake_slice":6,"minecraft:leave_game":7,"minecraft:time_since_death":94819,"minecraft:climb_one_cm":1241,"minecraft:sprint_one_cm":733887,"minecraft:walk_one_cm":783046,"minecraft:damage_blocked_by_shield":20,"minecraft:drop":99,"minecraft:play_time":634523,"minecraft:sneak_time":18572,"minecraft:deaths":18,"minecraft:walk_under_water_one_cm":7148,"minecraft:jump":5831,"minecraft:walk_on_water_one_cm":9081,"minecraft:total_world_time":634523,"minecraft:interact_with_furnace":53,"minecraft:sleep_in_bed":11,"minecraft:time_since_rest":18443,"minecraft:damage_taken":7952,"minecraft:trigger_trapped_chest":4,"minecraft:damage_dealt":18347,"minecraft:fly_one_cm":5147368,"minecraft:swim_one_cm":3229,"minecraft:player_kills":9,"minecraft:open_chest":134,"minecraft:crouch_one_cm":21170,"minecraft:interact_with_smoker":23,"minecraft:fall_one_cm":521086},"minecraft:killed_by":{"minecraft:player":11},"minecraft:broken":{"minecraft:iron_chestplate":1,"minecraft:stone_pickaxe":2,"minecraft:leather_boots":1,"minecraft:iron_helmet":1},"minecraft:picked_up":{"artifacts:night_vision_goggles":1,"minecraft:golden_pickaxe":1,"refurbished_furniture:wrench":2,"minecraft:brown_mushroom":7,"artifacts:umbrella":7,"minecraft:chain":1,"minecraft:string":14,"minecraft:raw_copper":97,"minecraft:oak_hanging_sign":5,"minecraft:flint_and_steel":1,"minecraft:iron_leggings":1,"tacz:ammo":255,"minecraft:glass_pane":1,"minecraft:cobbled_deepslate":204,"minecraft:bucket":1,"minecraft:beef":10,"minecraft:player_head":24,"minecraft:iron_pickaxe":1,"sophisticatedbackpacks:netherite_backpack":1,"minecraft:coal_block":63,"minecraft:diamond_hoe":1,"minecraft:iron_boots":1,"minecraft:tipped_arrow":4,"minecraft:stick":9,"minecraft:raw_iron":146,"minecraft:torch":7,"sophisticatedbackpacks:backpack":1,"minecraft:porkchop":5,"tacz:attachment":4,"minecraft:carrot":1,"minecraft:dark_oak_planks":5,"refurbished_furniture:doorbell":2,"minecraft:arrow":25,"minecraft:rotten_flesh":37,"artifacts:snowshoes":1,"minecraft:blaze_rod":3,"minecraft:obsidian":8,"minecraft:cobblestone":59,"artifacts:eternal_steak":3,"minecraft:andesite":1,"minecraft:leather":2,"minecraft:smoker":1,"artifacts:anglers_hat":2,"minecraft:flint":1,"minecraft:gunpowder":14,"minecraft:dirt":5,"minecraft:paper":2,"artifacts:flippers":1,"minecraft:bone":18,"minecraft:wheat_seeds":1,"minecraft:stone_pickaxe":1,"artifacts:antidote_vessel":2,"minecraft:glowstone_dust":57,"minecraft:oak_planks":1,"minecraft:dark_oak_stairs":5,"minecraft:sculk_catalyst":1,"minecraft:oak_slab":3,"minecraft:gravel":3,"minecraft:sand":6,"minecraft:jungle_planks":3,"minecraft:spruce_sapling":26,"minecraft:spruce_log":31,"minecraft:grass_block":5,"minecraft:spider_eye":15,"artifacts:helium_flamingo":1,"minecraft:purple_bed":1,"minecraft:diamond":17,"tacz:modern_kinetic_gun":12,"minecraft:diamond_axe":2,"minecraft:netherrack":22,"minecraft:coal":217,"minecraft:crimson_roots":1,"minecraft:ender_pearl":2,"minecraft:diamond_pickaxe":14},"minecraft:used":{"minecraft:oak_fence":138,"minecraft:flint_and_steel":1,"minecraft:redstone":8,"refurbished_furniture:light_fridge":2,"refurbished_furniture:oak_mail_box":1,"refurbished_furniture:doorbell":1,"minecraft:torch":2,"minecraft:dirt":5,"artifacts:umbrella":2,"refurbished_furniture:television":7,"minecraft:obsidian":8,"minecraft:glass":165,"minecraft:lava_bucket":18,"minecraft:grass_block":10,"minecraft:oak_stairs":224,"minecraft:iron_axe":9,"refurbished_furniture:light_microwave":1,"refurbished_furniture:light_toaster":1,"refurbished_furniture:orange_stool":2,"refurbished_furniture:light_lightswitch":2,"minecraft:beef":1,"minecraft:cobbled_deepslate":73,"refurbished_furniture:oak_table":10,"minecraft:water_bucket":19,"minecraft:spruce_door":1,"minecraft:stone_pickaxe":242,"minecraft:oak_planks":742,"artifacts:eternal_steak":57,"refurbished_furniture:jungle_storage_cabinet":2,"minecraft:diamond_axe":306,"refurbished_furniture:white_grill":6,"minecraft:oak_slab":1286,"refurbished_furniture:oak_light_ceiling_fan":5,"minecraft:campfire":4,"minecraft:smoker":1,"refurbished_furniture:computer":8,"refurbished_furniture:mangrove_drawer":2,"minecraft:diamond_pickaxe":311,"minecraft:cherry_door":1,"refurbished_furniture:light_ceiling_light":3,"minecraft:iron_pickaxe":12,"refurbished_furniture:white_kitchen_sink":1,"refurbished_furniture:light_electricity_generator":14,"minecraft:cobblestone":7,"refurbished_furniture:workbench":2,"minecraft:purple_bed":1,"minecraft:bucket":38,"minecraft:glass_pane":49,"minecraft:oak_hanging_sign":5},"minecraft:mined":{"minecraft:dark_oak_planks":5,"refurbished_furniture:doorbell":1,"minecraft:deepslate_diamond_ore":13,"minecraft:obsidian":8,"minecraft:glow_lichen":1,"minecraft:grass_block":5,"minecraft:jungle_planks":3,"minecraft:crimson_roots":1,"minecraft:spruce_leaves":4,"minecraft:frosted_ice":8,"minecraft:spawner":1,"minecraft:glowstone":24,"minecraft:cobbled_deepslate":53,"minecraft:iron_ore":129,"minecraft:fire":4,"minecraft:andesite":1,"minecraft:dark_oak_stairs":5,"minecraft:sculk_shrieker":1,"minecraft:deepslate_iron_ore":20,"minecraft:oak_wall_hanging_sign":2,"minecraft:packed_ice":5,"minecraft:stone":23,"minecraft:oak_hanging_sign":2,"minecraft:player_head":1,"minecraft:oak_slab":2,"minecraft:torch":5,"minecraft:cobblestone":36,"minecraft:copper_ore":17,"minecraft:oak_planks":1,"minecraft:wall_torch":1,"minecraft:deepslate_copper_ore":13,"minecraft:chain":1,"minecraft:purple_bed":1,"minecraft:ice":10,"minecraft:spruce_log":34,"minecraft:tnt":1,"sophisticatedbackpacks:netherite_backpack":1,"minecraft:grass":3,"minecraft:dirt":4,"minecraft:gravel":1,"minecraft:sand":7,"minecraft:netherrack":23,"minecraft:deepslate":165},"minecraft:killed":{"minecraft:spider":22,"minecraft:skeleton":13,"minecraft:warden":1,"artifacts:mimic":3,"siren_head:siren_head":1,"minecraft:magma_cube":2,"minecraft:rabbit":1,"minecraft:hoglin":2,"minecraft:creeper":12,"minecraft:zombie":37,"minecraft:stray":11,"minecraft:enderman":5,"minecraft:blaze":7}},"DataVersion":3465}